{"U1": {"order": ["baseline", "proposed"], "baseline": {"scores": [80.66666666666667, 0, 0, 92.83333333333333, 75.33333333333333, 0], "submissions": [[["b00001889_21i6bq_20150319_101938e", true, 116]], [["B00003117_21I6X0_20180509_181014E", false, 145]], [], [["b00002364_21i6bq_20150319_152545e", true, 43]], [["b00000715_21i6bq_20150309_143345e", true, 148], ["b00000715_21i6bq_20150309_143345e", true, 151]], [["B00000562_21I6X0_20180524_131353E", false, 298]]], "query_ids": [6, 7, 3, 13, 18, 16], "query_batch": "A"}, "proposed": {"scores": [86.0, 81.33333333333333, 68.66666666666667, 48.666666666666664, 93.0, 58.5], "submissions": [[["b00000102_21i6bq_20150310_135210e", true, 84]], [["B00002255_21I6X0_20180509_120616E", true, 112]], [["b00000619_21i6bq_20150315_133917e", true, 188]], [["20160929_095857_000", false, 180], ["20160902_110543_000", true, 248]], [["b00001839_21i6bq_20150319_095307e", true, 42]], [["B00008006_21I6X0_20180523_022125E", true, 249]]], "query_ids": [19, 23, 12, 20, 1, 17], "query_batch": "B"}}, "U2": {"order": ["baseline", "proposed"], "baseline": {"scores": [89.0, 0, 0, 0, 77.16666666666667, 0], "submissions": [[["b00000102_21i6bq_20150310_135210e", true, 66]], [], [], [], [["20160904_101800_000", false, 300], ["b00001839_21i6bq_20150319_095307e", true, 77]], [["B00007360_21I6X0_20180523_004223E", false, 193], ["B00008083_21I6X0_20180523_023127E", false, 220], ["B00008237_21I6X0_20180523_025812E", false, 296]]], "query_ids": [19, 23, 12, 20, 1, 17], "query_batch": "B"}, "proposed": {"scores": [77.33333333333333, 63.0, 52.500000000000014, 91.33333333333333, 96.16666666666667, 0], "submissions": [[["20160808_095206_000", true, 136]], [["20160826_051524_000", false, 60], ["b00000242_21i6bq_20150313_075713e", true, 162]], [["20160904_162949_000", false, 123], ["20160904_162208_000", false, 146], ["b00001929_21i6bq_20150319_104500e", true, 171]], [["20160927_141736_000", true, 52]], [["B00003753_21I6X0_20180521_143421E", true, 23]], [["b00002340_21i6bq_20150316_152350e", false, 183], ["b00002002_21i6bq_20150319_113159e", false, 258]]], "query_ids": [11, 0, 10, 15, 9, 14], "query_batch": "C"}}, "U3": {"order": ["baseline", "proposed"], "baseline": {"scores": [83.33333333333333, 93.66666666666667, 0, 56.666666666666664, 90.33333333333333, 0], "submissions": [[["20160808_095206_000", true, 100]], [["b00000221_21i6bq_20150313_074821e", true, 38]], [], [["B00004943_21I6X0_20180504_173556E", false, 117], ["20160927_141547_000", true, 200]], [["B00003740_21I6X0_20180521_143154E", true, 58]], []], "query_ids": [11, 0, 10, 15, 9, 14], "query_batch": "C"}, "proposed": {"scores": [92.5, 90.66666666666667, 96.33333333333333, 91.5, 82.83333333333333, 68.5], "submissions": [[["20160826_131356_000", true, 45], ["20160826_131356_000", true, 47], ["20160826_131356_000", true, 271]], [["B00006000_21I6X0_20180527_153936E", true, 56]], [["B00008553_21I6X0_20180528_201709E", true, 22]], [["20160927_123022_000", true, 51]], [["b00001111_21i6bq_20150315_182826e", true, 103]], [["B00012811_21I6X0_20180530_232934E", true, 189]]], "query_ids": [22, 2, 5, 4, 8, 21], "query_batch": "D"}}, "U4": {"order": ["baseline", "proposed"], "baseline": {"scores": [0, 50.166666666666664, 0, 60.5, 85.0, 63.333333333333336], "submissions": [[], [["B00006000_21I6X0_20180527_153936E", true, 299]], [], [["20160910_184615_000", false, 0], ["20160927_121700_000", true, 177]], [["b00001111_21i6bq_20150315_182826e", true, 90]], [["B00012812_21I6X0_20180530_233018E", true, 220]]], "query_ids": [22, 2, 5, 4, 8, 21], "query_batch": "D"}, "proposed": {"scores": [77.33333333333333, 43.5, 0, 91.66666666666667, 82.33333333333333, 0], "submissions": [[["b00001889_21i6bq_20150319_101938e", true, 136]], [["B00003090_21I6X0_20180509_175947E", false, 41], ["B00003089_21I6X0_20180509_175923E", true, 279]], [["b00000588_21i6bq_20150315_132919e", false, 295]], [["b00002364_21i6bq_20150319_152545e", true, 50]], [["b00000715_21i6bq_20150309_143345e", true, 106]], []], "query_ids": [6, 7, 3, 13, 18, 16], "query_batch": "A"}}, "U5": {"order": ["proposed", "baseline"], "baseline": {"scores": [80.5, 0, 0, 52.0, 85.5, 0], "submissions": [[["20160808_095206_000", true, 117]], [], [["b00001126_21i6bq_20150308_212601e", false, 293]], [["20160927_141547_000", true, 288]], [["B00003751_21I6X0_20180521_143419E", true, 87]], [["b00002341_21i6bq_20150316_152351e", false, 297]]], "query_ids": [11, 0, 10, 15, 9, 14], "query_batch": "C"}, "proposed": {"scores": [65.83333333333333, 77.5, 44.666666666666664, 87.0, 82.0, 0], "submissions": [[["20160826_131135_000", true, 205]], [["B00006000_21I6X0_20180527_153936E", true, 135]], [["B00004788_21I6X0_20180526_200038E", false, 227], ["B00008553_21I6X0_20180528_201709E", true, 272]], [["20160927_123055_000", true, 78]], [["b00001111_21i6bq_20150315_182826e", true, 108]], [["20160904_145137_000", false, 196]]], "query_ids": [22, 2, 5, 4, 8, 21], "query_batch": "D"}}, "U6": {"order": ["proposed", "baseline"], "baseline": {"scores": [0, 52.833333333333336, 0, 62.0, 80.0, 0], "submissions": [[], [["B00006000_21I6X0_20180527_153936E", true, 283]], [], [["20160927_121511_000", true, 228]], [["b00001111_21i6bq_20150315_182826e", true, 120]], []], "query_ids": [22, 2, 5, 4, 8, 21], "query_batch": "D"}, "proposed": {"scores": [49.666666666666664, 43.83333333333334, 52.833333333333336, 94.0, 0, 51.333333333333336], "submissions": [[["b00001923_21i6bq_20150319_104111e", false, 228], ["b00001889_21i6bq_20150319_101938e", true, 242]], [["B00003090_21I6X0_20180509_175947E", false, 101], ["B00003104_21I6X0_20180509_180509E", false, 213], ["B00003092_21I6X0_20180509_180032E", true, 223]], [["b00000611_21i6bq_20150315_133835e", true, 283]], [["b00002364_21i6bq_20150319_152545e", true, 36]], [["b00000699_21i6bq_20150313_125123e", false, 194]], [["B00000561_21I6X0_20180524_131330E", true, 292]]], "query_ids": [6, 7, 3, 13, 18, 16], "query_batch": "A"}}, "U7": {"order": ["proposed", "baseline"], "baseline": {"scores": [83.66666666666667, 0, 0, 65.5, 0, 0], "submissions": [[["b00001889_21i6bq_20150319_101938e", true, 98]], [["B00003123_21I6X0_20180509_181236E", false, 279], ["B00003110_21I6X0_20180509_180730E", false, 295]], [["20160910_114431_000", false, 299]], [["b00002364_21i6bq_20150319_152545e", true, 207]], [["20160919_135327_000", false, 289]], [["B00000559_21I6X0_20180524_131244E", false, 192], ["B00000629_21I6X0_20180524_133054E", false, 234], ["B00000219_21I6X0_20180524_102552E", false, 288], ["B00000667_21I6X0_20180524_141256E", false, 296]]], "query_ids": [6, 7, 3, 13, 18, 16], "query_batch": "A"}, "proposed": {"scores": [85.5, 72.33333333333333, 75.66666666666667, 49.0, 84.83333333333333, 60.5], "submissions": [[["b00000102_21i6bq_20150310_135210e", true, 87]], [["B00002259_21I6X0_20180509_120748E", true, 166]], [["b00000619_21i6bq_20150315_133917e", true, 146]], [["20160915_163641_000", false, 69], ["20160902_111727_000", true, 246]], [["b00001839_21i6bq_20150319_095307e", true, 91]], [["B00008003_21I6X0_20180523_022105E", true, 237]]], "query_ids": [19, 23, 12, 20, 1, 17], "query_batch": "B"}}, "U8": {"order": ["proposed", "baseline"], "baseline": {"scores": [67.0, 50.166666666666664, 0, 95.16666666666667, 75.0, 50.5], "submissions": [[["b00000101_21i6bq_20150310_135130e", true, 198]], [["B00002746_21I6X0_20180513_155300E", false, 33], ["B00002266_21I6X0_20180509_121036E", true, 239]], [], [["20160902_111727_000", true, 29]], [["b00001839_21i6bq_20150319_095307e", true, 150]], [["B00007996_21I6X0_20180523_022006E", true, 297]]], "query_ids": [19, 23, 12, 20, 1, 17], "query_batch": "B"}, "proposed": {"scores": [81.5, 81.66666666666667, 67.66666666666667, 80.0, 90.5, 0],